slot,arm,luna_side,terminal_cause,luna_outcome,player_turns,requests,luna_turns,tokens,backend_seconds,core_damage,heuristic_core_damage
MATCH-001,strict,red,CORE_DESTRUCTION,loss,11,8,5,22622,18.683324000099674,0,30
MATCH-001,bounded,red,TEAM_ELIMINATION,loss,18,16,9,43667,30.392090899986215,0,15
MATCH-001,stepwise,red,REQUEST_LIMIT,limit,94,140,47,340457,222.09179239999503,0,18
MATCH-002,bounded,blue,PROVIDER_FORFEIT,loss,3,4,2,12719,7.674444300006144,0,0
MATCH-002,stepwise,blue,CORE_DESTRUCTION,loss,10,13,5,35410,24.05013989994768,0,30
MATCH-002,strict,blue,TEAM_ELIMINATION,loss,21,12,11,32642,23.41433589992812,0,0
MATCH-003,stepwise,red,CORE_DESTRUCTION,loss,11,16,5,42586,27.80704139987938,0,30
MATCH-003,strict,red,TEAM_ELIMINATION,loss,9,6,4,17680,16.093771099927835,0,0
MATCH-003,bounded,red,TEAM_ELIMINATION,loss,10,7,5,18275,13.981041999999434,0,0
MATCH-004,strict,blue,TEAM_ELIMINATION,loss,12,8,6,23101,17.15791030001128,0,15
MATCH-004,bounded,blue,TEAM_ELIMINATION,loss,8,12,4,33827,22.532271599920932,0,0
MATCH-004,stepwise,blue,CORE_DESTRUCTION,win,7,15,4,45257,25.962095299968496,30,0
MATCH-005,bounded,red,TEAM_ELIMINATION,loss,12,10,6,27611,17.775207500031684,0,15
MATCH-005,stepwise,red,CORE_DESTRUCTION,loss,11,16,5,41339,26.830182900012005,0,30
MATCH-005,strict,red,CORE_DESTRUCTION,loss,7,4,3,11756,8.150054900033865,0,30
MATCH-006,stepwise,blue,CORE_DESTRUCTION,loss,10,15,5,39424,27.998761900002137,0,30
MATCH-006,strict,blue,TEAM_ELIMINATION,loss,33,26,17,66117,43.94493019999936,0,0
MATCH-006,bounded,blue,TEAM_ELIMINATION,loss,10,13,5,38087,24.659106799925212,0,0
MATCH-007,strict,red,TEAM_ELIMINATION,loss,7,4,3,10688,7.576715100032743,0,10
MATCH-007,bounded,red,CORE_DESTRUCTION,loss,9,9,4,25560,17.47754619998159,0,30
MATCH-007,stepwise,red,TEAM_ELIMINATION,loss,8,12,4,28899,19.678792299993802,0,5
MATCH-008,bounded,blue,TEAM_ELIMINATION,loss,10,9,5,26802,16.204651100037154,0,0
MATCH-008,stepwise,blue,CORE_DESTRUCTION,loss,12,21,6,57123,35.20884180010762,0,30
MATCH-008,strict,blue,CORE_DESTRUCTION,loss,10,7,5,20314,14.718957599950954,0,30
MATCH-009,stepwise,red,REQUEST_LIMIT,limit,94,140,47,351155,226.4394503000076,0,18
MATCH-009,strict,red,CORE_DESTRUCTION,loss,9,6,4,17988,12.22403470001882,0,30
MATCH-009,bounded,red,TEAM_ELIMINATION,loss,11,7,5,18610,12.727255299978424,0,15
MATCH-010,strict,blue,PROVIDER_FORFEIT,loss,5,4,3,12256,8.862004299997352,0,0
MATCH-010,bounded,blue,TEAM_ELIMINATION,loss,10,8,5,23189,13.648766600003,0,5
MATCH-010,stepwise,blue,CORE_DESTRUCTION,loss,10,15,5,39802,24.752231499936897,0,30
MATCH-011,bounded,red,TEAM_ELIMINATION,loss,10,7,5,18545,16.604633599927183,0,5
MATCH-011,stepwise,red,TEAM_ELIMINATION,loss,15,24,7,59249,51.946647600096185,0,0
MATCH-011,strict,red,TEAM_ELIMINATION,loss,38,19,19,44795,30.951870899938513,0,20
MATCH-012,stepwise,blue,CORE_DESTRUCTION,loss,10,12,5,32096,20.483828900032677,0,30
MATCH-012,strict,blue,TEAM_ELIMINATION,loss,12,7,6,20320,13.13722079998115,0,15
MATCH-012,bounded,blue,CORE_DESTRUCTION,loss,14,15,7,42404,25.389754700125195,0,30
MATCH-013,strict,red,TEAM_ELIMINATION,loss,9,7,4,20645,14.04055930004688,0,25
MATCH-013,bounded,red,TEAM_ELIMINATION,loss,10,6,5,15125,9.908717399986926,0,0
MATCH-013,stepwise,red,TEAM_ELIMINATION,loss,15,24,7,56883,41.2123512000544,0,18
MATCH-014,bounded,blue,PROVIDER_FORFEIT,loss,5,4,3,12281,8.155534399964381,0,0
MATCH-014,stepwise,blue,CORE_DESTRUCTION,loss,10,15,5,39801,25.15677100000903,0,30
MATCH-014,strict,blue,TEAM_ELIMINATION,loss,12,8,6,23710,14.028656300099101,0,5
MATCH-015,stepwise,red,REQUEST_LIMIT,limit,92,140,46,363431,227.45449510030448,0,18
MATCH-015,strict,red,TEAM_ELIMINATION,loss,10,5,5,12432,8.459749199973885,0,5
MATCH-015,bounded,red,TEAM_ELIMINATION,loss,10,8,5,21379,13.304002599907108,0,5
MATCH-016,strict,blue,CORE_DESTRUCTION,loss,10,6,5,17240,16.573969800025225,0,30
MATCH-016,bounded,blue,TEAM_ELIMINATION,loss,10,9,5,23872,16.2487510999199,0,0
MATCH-016,stepwise,blue,PROVIDER_FORFEIT,loss,1,2,1,6409,3.6037839999771677,0,0
MATCH-017,bounded,red,CORE_DESTRUCTION,loss,11,10,5,26291,17.908653199963737,0,30
MATCH-017,stepwise,red,TEAM_ELIMINATION,win,18,36,9,81668,69.16120839997893,0,18
MATCH-017,strict,red,TEAM_ELIMINATION,loss,7,3,3,7670,6.016324300027918,0,5
MATCH-018,stepwise,blue,TEAM_ELIMINATION,loss,10,16,5,42708,30.453356500016525,0,18
MATCH-018,strict,blue,PROVIDER_FORFEIT,loss,3,4,2,13245,7.195729899976868,0,0
MATCH-018,bounded,blue,PROVIDER_FORFEIT,loss,5,6,3,18421,9.61208810005337,0,0
MATCH-019,strict,red,PROVIDER_FORFEIT,loss,2,2,1,6218,3.6795088999788277,0,0
MATCH-019,bounded,red,TEAM_ELIMINATION,loss,7,3,3,7843,7.573527300031856,0,0
MATCH-019,stepwise,red,CORE_DESTRUCTION,loss,11,18,5,47699,31.055159499985166,0,30
MATCH-020,bounded,blue,PROVIDER_FORFEIT,loss,5,6,3,18431,12.869030700065196,0,0
MATCH-020,stepwise,blue,TEAM_ELIMINATION,loss,13,22,7,59722,38.61014020012226,0,18
MATCH-020,strict,blue,PROVIDER_FORFEIT,loss,3,3,2,9696,5.161618899961468,0,0
MATCH-021,stepwise,red,REQUEST_LIMIT,limit,94,140,47,363250,238.154132499767,0,18
MATCH-021,strict,red,TEAM_ELIMINATION,loss,7,5,3,14151,9.35418609995395,0,5
MATCH-021,bounded,red,TEAM_ELIMINATION,loss,5,6,2,16836,11.055701799981762,0,0
MATCH-022,strict,blue,PROVIDER_FORFEIT,loss,57,36,29,97697,64.07805300003383,0,0
MATCH-022,bounded,blue,TEAM_ELIMINATION,loss,8,8,4,22530,16.39646180003183,0,18
MATCH-022,stepwise,blue,PROVIDER_FORFEIT,loss,1,4,1,12572,8.107519099954516,0,0
MATCH-023,bounded,red,TEAM_ELIMINATION,loss,7,5,3,13544,8.05405029997928,0,0
MATCH-023,stepwise,red,CORE_DESTRUCTION,loss,23,36,11,88797,60.66367370012449,0,30
MATCH-023,strict,red,TEAM_ELIMINATION,loss,7,4,3,11112,11.571115299942903,0,5
MATCH-024,stepwise,blue,CORE_DESTRUCTION,loss,10,15,5,39775,26.463097299973015,0,30
MATCH-024,strict,blue,CORE_DESTRUCTION,loss,12,8,6,21096,17.493196599942166,0,30
MATCH-024,bounded,blue,PROVIDER_FORFEIT,loss,3,4,2,12074,7.505615799978841,0,0
MATCH-025,strict,red,TEAM_ELIMINATION,loss,7,3,3,7730,5.324240199988708,0,0
MATCH-025,bounded,red,TEAM_ELIMINATION,loss,11,12,5,34680,22.22413259994937,0,20
MATCH-025,stepwise,red,TEAM_ELIMINATION,loss,17,28,8,66776,45.670784599962644,0,18
MATCH-026,bounded,blue,PROVIDER_FORFEIT,loss,7,7,4,20574,13.902510199986864,0,0
MATCH-026,stepwise,blue,CORE_DESTRUCTION,loss,10,13,5,34882,19.481216399930418,0,30
MATCH-026,strict,blue,CORE_DESTRUCTION,loss,14,8,7,22751,13.897905399906449,0,30
MATCH-027,stepwise,red,CORE_DESTRUCTION,loss,11,16,5,43257,29.875156000023708,0,30
MATCH-027,strict,red,CORE_DESTRUCTION,loss,11,6,5,16908,10.506278899963945,0,30
MATCH-027,bounded,red,TEAM_ELIMINATION,loss,10,7,5,18272,13.401826300018001,0,0
MATCH-028,strict,blue,PROVIDER_FORFEIT,loss,5,6,3,18463,12.849546899960842,0,0
MATCH-028,bounded,blue,PROVIDER_FORFEIT,loss,3,3,2,9716,5.224435700045433,0,0
MATCH-028,stepwise,blue,PROVIDER_FORFEIT,loss,1,2,1,6464,3.5788795999833383,0,0
MATCH-029,bounded,red,PROVIDER_FORFEIT,loss,2,2,1,6263,4.2055039999540895,0,0
MATCH-029,stepwise,red,CORE_DESTRUCTION,loss,11,16,5,42190,26.307884600071702,0,30
MATCH-029,strict,red,CORE_DESTRUCTION,loss,9,6,4,17864,11.243640000058804,0,30
MATCH-030,stepwise,blue,CORE_DESTRUCTION,loss,10,15,5,43255,25.196258400101215,0,30
MATCH-030,strict,blue,CORE_DESTRUCTION,loss,10,7,5,21328,15.861491999879945,0,30
MATCH-030,bounded,blue,CORE_DESTRUCTION,loss,10,9,5,25720,15.927206100022886,0,30
MATCH-031,strict,red,PROVIDER_FORFEIT,loss,2,2,1,6150,5.605429399991408,0,0
MATCH-031,bounded,red,TEAM_ELIMINATION,loss,8,11,4,28785,22.793219699990004,0,5
MATCH-031,stepwise,red,REQUEST_LIMIT,limit,94,140,47,364261,210.97461410006508,0,18
MATCH-032,bounded,blue,PROVIDER_FORFEIT,loss,1,4,1,13233,8.788873500016052,0,0
MATCH-032,stepwise,blue,CORE_DESTRUCTION,loss,10,14,5,37478,22.539922999974806,0,30
MATCH-032,strict,blue,PROVIDER_FORFEIT,loss,1,2,1,6598,3.668005399988033,0,0
MATCH-033,stepwise,red,REQUEST_LIMIT,limit,94,140,47,307876,217.3617315995507,0,18
MATCH-033,strict,red,TEAM_ELIMINATION,loss,5,3,2,8351,7.323116299987305,0,0
MATCH-033,bounded,red,TEAM_ELIMINATION,loss,13,14,6,38627,26.86693809996359,0,0
MATCH-034,strict,blue,CORE_DESTRUCTION,loss,10,6,5,17642,12.71870470000431,0,30
MATCH-034,bounded,blue,CORE_DESTRUCTION,loss,10,8,5,20812,14.0426182000665,0,30
MATCH-034,stepwise,blue,TEAM_ELIMINATION,loss,8,11,4,28388,18.827507400070317,0,0
MATCH-035,bounded,red,TEAM_ELIMINATION,loss,15,16,7,43711,33.58529459993588,0,20
MATCH-035,stepwise,red,CORE_DESTRUCTION,loss,11,18,5,46816,31.20365480001783,0,30
MATCH-035,strict,red,CORE_DESTRUCTION,loss,7,5,3,14141,9.106000099971425,0,30
MATCH-036,stepwise,blue,CORE_DESTRUCTION,loss,8,11,4,29340,18.76986219995888,0,30
MATCH-036,strict,blue,TEAM_ELIMINATION,loss,12,8,6,22174,18.81299560010666,0,20
MATCH-036,bounded,blue,TEAM_ELIMINATION,loss,6,6,3,17436,12.13731880002888,0,0
MATCH-037,strict,red,CORE_DESTRUCTION,loss,7,4,3,10767,7.673373399942648,0,30
MATCH-037,bounded,red,PROVIDER_FORFEIT,loss,4,4,2,11262,7.725566000037361,0,0
MATCH-037,stepwise,red,REQUEST_LIMIT,limit,94,140,47,349053,218.41689409973333,0,18
MATCH-038,bounded,blue,CORE_DESTRUCTION,loss,12,10,6,29501,18.569195999996737,0,30
MATCH-038,stepwise,blue,CORE_DESTRUCTION,loss,10,13,5,34882,20.312626700033434,0,30
MATCH-038,strict,blue,CORE_DESTRUCTION,loss,10,7,5,21609,14.827721599896904,0,30
MATCH-039,stepwise,red,CORE_DESTRUCTION,loss,27,42,13,106862,64.55220969999209,0,30
MATCH-039,strict,red,TEAM_ELIMINATION,loss,12,7,6,17843,14.580860999936704,0,5
MATCH-039,bounded,red,TEAM_ELIMINATION,loss,10,7,5,18274,12.09764900006121,0,0
MATCH-040,strict,blue,CORE_DESTRUCTION,loss,14,10,7,30341,18.264105100010056,0,30
MATCH-040,bounded,blue,PROVIDER_FORFEIT,loss,5,5,3,16143,12.022901399992406,0,0
MATCH-040,stepwise,blue,CORE_DESTRUCTION,loss,10,16,5,41999,33.89952139998786,0,30
